{
  "backbone": "ResNet-50 (trained on carpet)",
  "source": "carpet",
  "target": "tile",
  "n_shot": 5,
  "accuracy": 0.6538461538461539,
  "auc": 0.645933014354067,
  "report": {
    "good": {
      "precision": 0.7586206896551724,
      "recall": 0.6666666666666666,
      "f1-score": 0.7096774193548387,
      "support": 33.0
    },
    "defective": {
      "precision": 0.5217391304347826,
      "recall": 0.631578947368421,
      "f1-score": 0.5714285714285714,
      "support": 19.0
    },
    "accuracy": 0.6538461538461539,
    "macro avg": {
      "precision": 0.6401799100449774,
      "recall": 0.6491228070175439,
      "f1-score": 0.6405529953917051,
      "support": 52.0
    },
    "weighted avg": {
      "precision": 0.6720678122477223,
      "recall": 0.6538461538461539,
      "f1-score": 0.6591634172279334,
      "support": 52.0
    }
  }
}