{
  "backbone": "PaliGemma-3B (pre-trained, no fine-tuning)",
  "source": "carpet",
  "target": "wood",
  "n_shot": 5,
  "accuracy": 0.9393939393939394,
  "auc": 1.0,
  "report": {
    "good": {
      "precision": 1.0,
      "recall": 0.8947368421052632,
      "f1-score": 0.9444444444444444,
      "support": 19.0
    },
    "defective": {
      "precision": 0.875,
      "recall": 1.0,
      "f1-score": 0.9333333333333333,
      "support": 14.0
    },
    "accuracy": 0.9393939393939394,
    "macro avg": {
      "precision": 0.9375,
      "recall": 0.9473684210526316,
      "f1-score": 0.9388888888888889,
      "support": 33.0
    },
    "weighted avg": {
      "precision": 0.946969696969697,
      "recall": 0.9393939393939394,
      "f1-score": 0.9397306397306396,
      "support": 33.0
    }
  }
}