{
  "backbone": "PaliGemma-3B (fine-tuned on carpet)",
  "source": "carpet",
  "target": "wood",
  "n_shot": 5,
  "accuracy": 0.9696969696969697,
  "auc": 1.0,
  "report": {
    "good": {
      "precision": 1.0,
      "recall": 0.9473684210526315,
      "f1-score": 0.972972972972973,
      "support": 19.0
    },
    "defective": {
      "precision": 0.9333333333333333,
      "recall": 1.0,
      "f1-score": 0.9655172413793104,
      "support": 14.0
    },
    "accuracy": 0.9696969696969697,
    "macro avg": {
      "precision": 0.9666666666666667,
      "recall": 0.9736842105263157,
      "f1-score": 0.9692451071761417,
      "support": 33.0
    },
    "weighted avg": {
      "precision": 0.9717171717171716,
      "recall": 0.9696969696969697,
      "f1-score": 0.9698099353271767,
      "support": 33.0
    }
  }
}