{
  "sil_label": 0.051089730113744736,
  "sil_domain": 0.6106025576591492,
  "per_domain": {
    "carpet": 0.3496919572353363,
    "leather": 0.40952637791633606,
    "tile": 0.300807923078537,
    "wood": 0.2169383317232132
  },
  "mean_per_domain": 0.31924114748835564
}