{
  "sil_label": 0.062139224261045456,
  "sil_domain": 0.5992504358291626,
  "per_domain": {
    "carpet": 0.4280802011489868,
    "leather": 0.4292726218700409,
    "tile": 0.30846789479255676,
    "wood": 0.22809095680713654
  },
  "mean_per_domain": 0.34847791865468025
}