{
  "sil_label": 0.00803344789892435,
  "sil_domain": 0.43757858872413635,
  "per_domain": {
    "carpet": 0.4514785706996918,
    "leather": 0.24408410489559174,
    "tile": 0.21870894730091095,
    "wood": 0.11066841334104538
  },
  "mean_per_domain": 0.25623500905930996
}