{
  "model": "PaliGemma-3B-mix (zero-shot)",
  "category": "carpet",
  "accuracy": 0.6458333333333334,
  "auc": 0.575,
  "report": {
    "good": {
      "precision": 0.6222222222222222,
      "recall": 1.0,
      "f1-score": 0.7671232876712328,
      "support": 28.0
    },
    "defective": {
      "precision": 1.0,
      "recall": 0.15,
      "f1-score": 0.2608695652173913,
      "support": 20.0
    },
    "accuracy": 0.6458333333333334,
    "macro avg": {
      "precision": 0.8111111111111111,
      "recall": 0.575,
      "f1-score": 0.5139964264443121,
      "support": 48.0
    },
    "weighted avg": {
      "precision": 0.7796296296296297,
      "recall": 0.6458333333333334,
      "f1-score": 0.5561842366487989,
      "support": 48.0
    }
  }
}