{
  "model": "PaliGemma-3B-mix (zero-shot)",
  "category": "tile",
  "accuracy": 0.7115384615384616,
  "auc": 0.6052631578947368,
  "report": {
    "good": {
      "precision": 0.6875,
      "recall": 1.0,
      "f1-score": 0.8148148148148148,
      "support": 33.0
    },
    "defective": {
      "precision": 1.0,
      "recall": 0.21052631578947367,
      "f1-score": 0.34782608695652173,
      "support": 19.0
    },
    "accuracy": 0.7115384615384616,
    "macro avg": {
      "precision": 0.84375,
      "recall": 0.6052631578947368,
      "f1-score": 0.5813204508856682,
      "support": 52.0
    },
    "weighted avg": {
      "precision": 0.8016826923076923,
      "recall": 0.7115384615384616,
      "f1-score": 0.6441843180973615,
      "support": 52.0
    }
  }
}